password,entropy,crack_time_seconds,strength_score
*jcP5ZYXh643m,81.22305767476661,2.8221279479628508e+16,3
R2YwM6NzQVUCt^Zm,99.96684021509736,1.2388464380849397e+22,3
z!W%^iHCVRw_,72.53272943230144,68316754532474.07,2
x=B!epgM,48.35515295486763,3600406.062696959,1
KeBz$QE+q-Z,66.488335312943,1035102341401.1293,2
izC@7xikOyK!aQq,93.71891270165378,1.630061102743342e+20,3
$hM^$bbMvV,60.443941193584536,15683368809.107971,2
NdXUM$GOAxIM8yF,93.71891270165378,1.630061102743342e+20,3
LWU@y+8@IL,62.47927513443585,64288889323.39929,2
Z=)--vn1Gre,68.72720264787944,4885955588578.345,2
blqX+wNGppJ-,72.53272943230144,68316754532474.07,2
kLF0Y=Ta2J2i1&K,93.71891270165378,1.630061102743342e+20,3
siLdg&ESBGznR,78.5771235516599,4508905799143302.0,2
AuttR((Gwid$z=n,90.6659117903768,1.9640793661068153e+19,3
VA3#XD4AD^dSC,81.22305767476661,2.8221279479628508e+16,3
B^2Nt*!cw(Od*,81.22305767476661,2.8221279479628508e+16,3
yTnhe)I,42.310758835509176,54551.60701056009,1
KHP=GdTP69,62.47927513443585,64288889323.39929,2
^8tEN!#z,49.98342010754868,11130347.874549743,1
zj6-9$j,39.50699332842307,7812.499999999993,0
)ssi(GATc!4Y*z%,93.71891270165378,1.630061102743342e+20,3
KJNvDf_,42.310758835509176,54551.60701056009,1
SztjF0@7HjVfED,87.4709851882102,2.1448172404517663e+18,3
Srsg=63+,49.98342010754868,11130347.874549743,1
T&(BD5T,39.50699332842307,7812.499999999993,0
0DmGicBbS3!,68.72720264787944,4885955588578.345,2
PK02fcmxOS,59.54196310386875,8392993658.683406,1
*jD&m$j)A,54.39954707422608,237626800.13799885,1
XkiOa!,36.26636471615072,826.5395001599987,0
L$8WNFRofeVdbb3,93.71891270165378,1.630061102743342e+20,3
1+Joppp,43.7354925941051,146451.9457177598,1
zd1FIq,35.725177862321246,568.0023558399979,0
mzcupcT,39.90307802698764,10280.717025279986,0
iGeX+4o,43.7354925941051,146451.9457177598,1
ROy%e3u9aoR=,74.97513016132302,371332624731954.1,2
*yK=IsYcEu$cN_W,90.6659117903768,1.9640793661068153e+19,3
lQ=eTrPs,48.35515295486763,3600406.062696959,1
UIu5n1H4L^V,68.72720264787944,4885955588578.345,2
qgwWs*,36.26636471615072,826.5395001599987,0
mQPcdO@f&3x,68.72720264787944,4885955588578.345,2
lYQ6mVs+l#1Qo=,87.4709851882102,2.1448172404517663e+18,3
DT8XtLKlp,53.587766793481876,135370865.46263543,1
Q9dy_6DuDV,62.47927513443585,64288889323.39929,2
81#G7Bc3ElH7m&,87.4709851882102,2.1448172404517663e+18,3
7ORreb7M,47.633570483095,2183401.0558489566,1
8+ge8BIza3fV,74.97513016132302,371332624731954.1,2
W%$$hPJ-Jf8Er,81.22305767476661,2.8221279479628508e+16,3
m0D+&lqDt7aJRCk5,99.96684021509736,1.2388464380849397e+22,3
+oc#N(jaqY+a=2OC,99.96684021509736,1.2388464380849397e+22,3
m=%-mhSU,48.35515295486763,3600406.062696959,1
*UTKfEXnRdl_!m,84.62151767101835,2.975877827434588e+17,3
=z8mml,33.86313713864835,156.24999999999997,0
$I3lW^,37.48756508066151,1926.999285759998,0
eS^iFs0B63jqMG,87.4709851882102,2.1448172404517663e+18,3
zpBe7mumjAr,65.49615941425563,520365606838.3717,2
i)0!+V43,49.98342010754868,11130347.874549743,1
f)!PzaLOPbIyoZ,84.62151767101835,2.975877827434588e+17,3
i7Sy2$,37.48756508066151,1926.999285759998,0
ECD+54hp%Pgk9y,87.4709851882102,2.1448172404517663e+18,3
P$mOsy$G$Pe)c4gM,99.96684021509736,1.2388464380849397e+22,3
i(3idk5S#,56.23134762099227,845906438.4657804,1
hta2-2r%(WO98$J-,99.96684021509736,1.2388464380849397e+22,3
+0d(XzR,43.7354925941051,146451.9457177598,1
wCURC2,35.725177862321246,568.0023558399979,0
Ul)0JemkbLJW,74.97513016132302,371332624731954.1,2
8VIvHIK(Yom$RANY,99.96684021509736,1.2388464380849397e+22,3
X8rP*e,37.48756508066151,1926.999285759998,0
cdyzm-&wdkn2!,73.37013046707142,122070312499999.86,2
wtWU&w9R,49.98342010754868,11130347.874549743,1
^D8%V$GT_jB9,74.97513016132302,371332624731954.1,2
rZLyFkWlW7,59.54196310386875,8392993658.683406,1
_j0DWu=,43.7354925941051,146451.9457177598,1
DZJeJFP_1)DcZv,87.4709851882102,2.1448172404517663e+18,3
gWBn#_0@XJt1,74.97513016132302,371332624731954.1,2
9(7PC+xII2wF(g,87.4709851882102,2.1448172404517663e+18,3
YfmB(Mx_MZUsuLQ,90.6659117903768,1.9640793661068153e+19,3
QRms-tVaKlp,66.488335312943,1035102341401.1293,2
HH9T5gaz!F^e9V,87.4709851882102,2.1448172404517663e+18,3
L-Q4(IEDs,56.23134762099227,845906438.4657804,1
f_rK=#q,42.310758835509176,54551.60701056009,1
pL1)TGc,43.7354925941051,146451.9457177598,1
Fge1*xdGc,56.23134762099227,845906438.4657804,1
mTd1m2fa=ab-kn,87.4709851882102,2.1448172404517663e+18,3
EhPQ6r9TG&3a&#)W,99.96684021509736,1.2388464380849397e+22,3
+Op3#VSP$W,62.47927513443585,64288889323.39929,2
U95d*9,37.48756508066151,1926.999285759998,0
I%zqrxQeixa#sC,84.62151767101835,2.975877827434588e+17,3
hu&WtM,36.26636471615072,826.5395001599987,0
BKWKInSrz-C1,74.97513016132302,371332624731954.1,2
8Z8eb^Ddcz,62.47927513443585,64288889323.39929,2
7*%K1x!,43.7354925941051,146451.9457177598,1
vA#6K2TxP&,62.47927513443585,64288889323.39929,2
n!Srr58cA&4)04j$,99.96684021509736,1.2388464380849397e+22,3
#4@LszTsGrBLC#,87.4709851882102,2.1448172404517663e+18,3
Lz=jshxuCI,60.443941193584536,15683368809.107971,2
x1#eKw@F5LJSbCfi,99.96684021509736,1.2388464380849397e+22,3
d$dqCi,36.26636471615072,826.5395001599987,0
hR@66^,37.48756508066151,1926.999285759998,0
+yneGL(lM,54.39954707422608,237626800.13799885,1
6jxDntv1zpCH2zhJ,95.26714096619,4.767240170682337e+20,3
aG6cROWI,47.633570483095,2183401.0558489566,1
449M2dJH%)xs-),87.4709851882102,2.1448172404517663e+18,3
$&eIW*Y4q4,62.47927513443585,64288889323.39929,2
VQ%fZaJEQY0sl,81.22305767476661,2.8221279479628508e+16,3
3zxL)TO1L%2ak=V,93.71891270165378,1.630061102743342e+20,3
#XaHqLlMoFCPpjO,90.6659117903768,1.9640793661068153e+19,3
rSg8a(znZ,56.23134762099227,845906438.4657804,1
W!oIP#O@,48.35515295486763,3600406.062696959,1
4-Tg(**jb,56.23134762099227,845906438.4657804,1
NGkyPlf&Fv_w8D,87.4709851882102,2.1448172404517663e+18,3
LhdR$)HN,48.35515295486763,3600406.062696959,1
X*Q-n@4+-4(_uOA,93.71891270165378,1.630061102743342e+20,3
nEB4qfg,41.67937417270812,35216.146062079904,1
*s6VQ1vsc,56.23134762099227,845906438.4657804,1
1sfkOsvMOJm@6oAs,99.96684021509736,1.2388464380849397e+22,3
jR1hNO#8,49.98342010754868,11130347.874549743,1
4F!-nLJu1w,62.47927513443585,64288889323.39929,2
W-Z#M_,31.931568569324178,40.9600000000001,0
oXWlGFoveb,57.004397181410916,1445551059.490564,1
q*YHqvlMT-wKM5,87.4709851882102,2.1448172404517663e+18,3
-M=5n@FPrh52,74.97513016132302,371332624731954.1,2
lTJx1Rg9GBs7gT,83.35874834541625,1.2401769434657461e+17,3
RH*L#37ItF%uLl21,99.96684021509736,1.2388464380849397e+22,3
37xTz3G2P^kPc$,87.4709851882102,2.1448172404517663e+18,3
ZrxmRMwmxW!7R*xo,99.96684021509736,1.2388464380849397e+22,3
jPOAuXz$W1%n47Cn,99.96684021509736,1.2388464380849397e+22,3
77B%NTUgO-c4,74.97513016132302,371332624731954.1,2
(zjA$-4k1t-,68.72720264787944,4885955588578.345,2
8cCPlCsNoKa7A8,83.35874834541625,1.2401769434657461e+17,3
zFw$8T2-Ai*C,74.97513016132302,371332624731954.1,2
@ERzUyJCYIdkiM&#,96.71030590973525,1.2962923816305017e+21,3
!je3I-^@Q,56.23134762099227,845906438.4657804,1
K2XinD1fpSD,65.49615941425563,520365606838.3717,2
2K5w^_,37.48756508066151,1926.999285759998,0
v(J8l3iRpq7KBnn,93.71891270165378,1.630061102743342e+20,3
&h)7v^GF,49.98342010754868,11130347.874549743,1
&IOjriez)x!C,72.53272943230144,68316754532474.07,2
m&PFJR,36.26636471615072,826.5395001599987,0
vRNo_0ZDAUxGfVW,93.71891270165378,1.630061102743342e+20,3
LtM9)Z*MFiHEF,81.22305767476661,2.8221279479628508e+16,3
x-1-ZsX8Xcp0s,81.22305767476661,2.8221279479628508e+16,3
C=NIurGJc,54.39954707422608,237626800.13799885,1
bZ+BSMiPBgg$to5,93.71891270165378,1.630061102743342e+20,3
!!FtyxyE36WpO9,87.4709851882102,2.1448172404517663e+18,3
cpm469,31.019550008653873,21.76782335999998,0
%0)a*zh,39.50699332842307,7812.499999999993,0
q=%_tKlc80,62.47927513443585,64288889323.39929,2
A5e5v)P*bT$c1,81.22305767476661,2.8221279479628508e+16,3
R7%NeaX&8hZaDW=,93.71891270165378,1.630061102743342e+20,3
h5nRS!Y8O4ZlI(jw,99.96684021509736,1.2388464380849397e+22,3
gL-4lS_sqsWQ,74.97513016132302,371332624731954.1,2
Lo)-P+Ju9Y3E,74.97513016132302,371332624731954.1,2
pDo8*j,37.48756508066151,1926.999285759998,0
&#ps@I,36.26636471615072,826.5395001599987,0
^1pq+*,33.86313713864835,156.24999999999997,0
nav%NiSnIJeK=Bd,90.6659117903768,1.9640793661068153e+19,3
a7ZErw*R^Wl,68.72720264787944,4885955588578.345,2
)uv!m3F+!f,62.47927513443585,64288889323.39929,2
lSjTJgFYxDO(+z,84.62151767101835,2.975877827434588e+17,3
C&v4SqyhIXoUc,81.22305767476661,2.8221279479628508e+16,3
hSu3k0Ds2I+,68.72720264787944,4885955588578.345,2
(Y!#viV4,49.98342010754868,11130347.874549743,1
4-$!wHy1eERyLz),93.71891270165378,1.630061102743342e+20,3
OrpE^Kl^!6,62.47927513443585,64288889323.39929,2
!km%)QgOmf,60.443941193584536,15683368809.107971,2
w)V9x5p_34J,68.72720264787944,4885955588578.345,2
X_OxuKYnHK+tprA,90.6659117903768,1.9640793661068153e+19,3
DeGt_#,36.26636471615072,826.5395001599987,0
&PCxe8zZ-g=f^yfk,99.96684021509736,1.2388464380849397e+22,3
rG!z-@uLGIfu(d,84.62151767101835,2.975877827434588e+17,3
h20KTtiBrJ_32jDC,99.96684021509736,1.2388464380849397e+22,3
wo8O)_0,43.7354925941051,146451.9457177598,1
Zg2frSJBEaPCu,77.40455203502937,2000285392686685.2,2
L1Oe(03X,49.98342010754868,11130347.874549743,1
q0+2_ok,39.50699332842307,7812.499999999993,0
w-kQekLY,48.35515295486763,3600406.062696959,1
%gapxC%bO%,60.443941193584536,15683368809.107971,2
F0l)))&x0,56.23134762099227,845906438.4657804,1
D=ZF%W,31.931568569324178,40.9600000000001,0
0K^Z91M1_a0,68.72720264787944,4885955588578.345,2
yu+9Ic@Aw+=3nU,87.4709851882102,2.1448172404517663e+18,3
vL^T!yuSEwCTdMmV,96.71030590973525,1.2962923816305017e+21,3
3+vrKi&,43.7354925941051,146451.9457177598,1
KCbZnJ,34.20263830884655,197.70609663999988,0
Tg@e^vqRT4Fj,74.97513016132302,371332624731954.1,2
)h6%yupsFFbLWT,87.4709851882102,2.1448172404517663e+18,3
h0#qv(w-S02O,74.97513016132302,371332624731954.1,2
@Bb!Z+m#0,56.23134762099227,845906438.4657804,1
OcdnCokxFO3wfP,83.35874834541625,1.2401769434657461e+17,3
@hr-U-s9,49.98342010754868,11130347.874549743,1
C9PCrgQTQJw,65.49615941425563,520365606838.3717,2
EAqzTc(pPm4nkg,87.4709851882102,2.1448172404517663e+18,3
krW1+d#hZH_n-,81.22305767476661,2.8221279479628508e+16,3
xe-kvJ$IsqxFUsJc,96.71030590973525,1.2962923816305017e+21,3
M7D)zas(Ak,62.47927513443585,64288889323.39929,2
yxpo(CX^tV,60.443941193584536,15683368809.107971,2
(-hC#bD,42.310758835509176,54551.60701056009,1
#T!L&wjLz,54.39954707422608,237626800.13799885,1
6=4ov1zM9Iz,68.72720264787944,4885955588578.345,2
l5)oYKpe9#qmDI,87.4709851882102,2.1448172404517663e+18,3
8Si_rQ!3Rp7,68.72720264787944,4885955588578.345,2
0-GCMDD8W,50.79470570797252,19531249.999999948,1
8YERcq^l,49.98342010754868,11130347.874549743,1
d$cZnhY7jJt9MKv,93.71891270165378,1.630061102743342e+20,3
%K4B$(svMUD@sVs,93.71891270165378,1.630061102743342e+20,3
sdYu8jY!&Ae-0,81.22305767476661,2.8221279479628508e+16,3
8^^GY+,33.86313713864835,156.24999999999997,0
Nhh*k1,37.48756508066151,1926.999285759998,0
u@dWKz@#*bw3LOa,93.71891270165378,1.630061102743342e+20,3
^sysJaKBGaEh=,78.5771235516599,4508905799143302.0,2
2T@H63_WbVSl,74.97513016132302,371332624731954.1,2
%b2h@JE5CTN,68.72720264787944,4885955588578.345,2
Z$R-5X7ZLKrKe6,87.4709851882102,2.1448172404517663e+18,3
S8k(%WABeZZH,74.97513016132302,371332624731954.1,2
z18US0l%p,56.23134762099227,845906438.4657804,1
MRC3pLyi0xZ,65.49615941425563,520365606838.3717,2
cPRcX0zXGzVR(es,93.71891270165378,1.630061102743342e+20,3
RNHM0rN2,47.633570483095,2183401.0558489566,1
J9fVYj!6PV2,68.72720264787944,4885955588578.345,2
=m&yu20&(,50.79470570797252,19531249.999999948,1
@O9Or(*v!Qa6IEel,99.96684021509736,1.2388464380849397e+22,3
%y*f(E(Fi31Xl,81.22305767476661,2.8221279479628508e+16,3
Y=6#KD8NU-PW^Sa,93.71891270165378,1.630061102743342e+20,3
na3rYcWyHV@Bxt,87.4709851882102,2.1448172404517663e+18,3
9FyIP@&xa0^Lj,81.22305767476661,2.8221279479628508e+16,3
fsaPMFK_S+,60.443941193584536,15683368809.107971,2
yYvzyhvIczf,62.70483689955201,75168655093.50928,2
_r^pb=,31.931568569324178,40.9600000000001,0
1^bUzPDJoc8sVJ,87.4709851882102,2.1448172404517663e+18,3
uEZ+TxK3P4@YPLw,93.71891270165378,1.630061102743342e+20,3
M1tnLZI,41.67937417270812,35216.146062079904,1
PNIVFw66,47.633570483095,2183401.0558489566,1
(V7L252u2@ehlj4h,99.96684021509736,1.2388464380849397e+22,3
LIyOI6HTa,53.587766793481876,135370865.46263543,1
a460%mnj,45.150849518197795,390624.9999999993,1
ICuzoFE75_q,68.72720264787944,4885955588578.345,2
y=4#J3rsFXOCe9S,93.71891270165378,1.630061102743342e+20,3
&8gY%p@=0(ni,74.97513016132302,371332624731954.1,2
tFuZ@L,36.26636471615072,826.5395001599987,0
WJQTu)TNl7,62.47927513443585,64288889323.39929,2
ZZlrUs&,42.310758835509176,54551.60701056009,1
A^uNIpYw,48.35515295486763,3600406.062696959,1
ye4oDPHl,47.633570483095,2183401.0558489566,1
eG#4jj,37.48756508066151,1926.999285759998,0
PDWIx&3-),56.23134762099227,845906438.4657804,1
SB_!Msl6uc9tu*uG,99.96684021509736,1.2388464380849397e+22,3
bVp=h4jR!O,62.47927513443585,64288889323.39929,2
!pUfLi%!GOH,66.488335312943,1035102341401.1293,2
2_0d+9cr3#V@W=+,93.71891270165378,1.630061102743342e+20,3
eltC0Dd,41.67937417270812,35216.146062079904,1
J)CYM+L8,45.150849518197795,390624.9999999993,1
j*v(kSUiyV0oZ4,87.4709851882102,2.1448172404517663e+18,3
o-vMCJ8^(J+y,74.97513016132302,371332624731954.1,2
i3=BWI#QL@Z6v+,87.4709851882102,2.1448172404517663e+18,3
73@r6cuF!DcY0,81.22305767476661,2.8221279479628508e+16,3
U*zr9(mWP)$WELg,93.71891270165378,1.630061102743342e+20,3
CLeIoHov_8H,68.72720264787944,4885955588578.345,2
UsOcel(*81wKsv,87.4709851882102,2.1448172404517663e+18,3
)fJY$ZDv^A59-@L,93.71891270165378,1.630061102743342e+20,3
s!dCwAT25,56.23134762099227,845906438.4657804,1
r3O#2ghh,49.98342010754868,11130347.874549743,1
$xlK!7O,43.7354925941051,146451.9457177598,1
qjK^0)5m,49.98342010754868,11130347.874549743,1
2atsNxQ3Q0,59.54196310386875,8392993658.683406,1
ZyOJ-9y#zi=A)m2g,99.96684021509736,1.2388464380849397e+22,3
&C2imI^,43.7354925941051,146451.9457177598,1
eAgm@tlBQlp,66.488335312943,1035102341401.1293,2
^nGVe),36.26636471615072,826.5395001599987,0
v(Xg_3%Pl0XAxt,87.4709851882102,2.1448172404517663e+18,3
qF%Wvrfl3YcuSTY,93.71891270165378,1.630061102743342e+20,3
C37f%*_HA7#E,74.97513016132302,371332624731954.1,2
uzgxle2qTd!dF,81.22305767476661,2.8221279479628508e+16,3
(7^ME-p,43.7354925941051,146451.9457177598,1
+pzsw_AR(4fLA,81.22305767476661,2.8221279479628508e+16,3
=y1gLS!Yyc&bq4A,93.71891270165378,1.630061102743342e+20,3
WZ(sHURj,48.35515295486763,3600406.062696959,1
Rox1)3HD,49.98342010754868,11130347.874549743,1
wf*J%etOK=+,66.488335312943,1035102341401.1293,2
1OixHaC+A&2TK,81.22305767476661,2.8221279479628508e+16,3
)FQqYc*T,48.35515295486763,3600406.062696959,1
8CP_W7bort,62.47927513443585,64288889323.39929,2
Xfe^0kIEWkG!#Maq,99.96684021509736,1.2388464380849397e+22,3
uX9IQ-_j=KoU,74.97513016132302,371332624731954.1,2
XrDl_^,36.26636471615072,826.5395001599987,0
$KY+L2s+,49.98342010754868,11130347.874549743,1
QN(E7urJ6oNNpya,93.71891270165378,1.630061102743342e+20,3
^c=Ze3,37.48756508066151,1926.999285759998,0
#fYYzigKgE,60.443941193584536,15683368809.107971,2
#AW_T(53$P,56.43856189774724,976562499.9999964,1
(MvImzVS,48.35515295486763,3600406.062696959,1
*aeiDv1J2Hpy!I_,93.71891270165378,1.630061102743342e+20,3
&HG-W6Vs,49.98342010754868,11130347.874549743,1
=yN%F#jOhb#Q,72.53272943230144,68316754532474.07,2
1g1QyU,35.725177862321246,568.0023558399979,0
Vm=Ot^bVYQieTsq,90.6659117903768,1.9640793661068153e+19,3
)&tG!bOV9=,62.47927513443585,64288889323.39929,2
h+qI5ArK,49.98342010754868,11130347.874549743,1
2Ukmxx4vG,53.587766793481876,135370865.46263543,1
57$jR_5p,49.98342010754868,11130347.874549743,1
*&MXnv)TE(,60.443941193584536,15683368809.107971,2
Nn+flU8YM,56.23134762099227,845906438.4657804,1
eY_kvRkfo,54.39954707422608,237626800.13799885,1
r1YiKI,35.725177862321246,568.0023558399979,0
znnDzz,34.20263830884655,197.70609663999988,0
#fM8jgxc,49.98342010754868,11130347.874549743,1
RiKu2bMT_TZ#J-,87.4709851882102,2.1448172404517663e+18,3
o-M%)QU7DYB=2,81.22305767476661,2.8221279479628508e+16,3
Xcz*&00Je0FT,74.97513016132302,371332624731954.1,2
THiMTckD@,54.39954707422608,237626800.13799885,1
)Csryk1qDfp,68.72720264787944,4885955588578.345,2
VjT-g*czVYA2E_,87.4709851882102,2.1448172404517663e+18,3
S7$7uYyndcqec*x*,99.96684021509736,1.2388464380849397e+22,3
QOT4*jdG9^k,68.72720264787944,4885955588578.345,2
L^^PzD5oySy,68.72720264787944,4885955588578.345,2
I8uWx+UtICz8N%,87.4709851882102,2.1448172404517663e+18,3
TQ(1E@+te6z^M,81.22305767476661,2.8221279479628508e+16,3
3&^Rmh,37.48756508066151,1926.999285759998,0
LpNEU5,35.725177862321246,568.0023558399979,0
QW=d5B4z*D%^90h,93.71891270165378,1.630061102743342e+20,3
%Pz%s$A_g$UeAC,84.62151767101835,2.975877827434588e+17,3
4Io@1Iyv^,56.23134762099227,845906438.4657804,1
ij3+WB&D%%%tVH*R,99.96684021509736,1.2388464380849397e+22,3
)#W-6EZ6Ey65yp5,93.71891270165378,1.630061102743342e+20,3
O94j=BFhlKj(5F,87.4709851882102,2.1448172404517663e+18,3
usQ1tQ%fldlCqV(,93.71891270165378,1.630061102743342e+20,3
lYF_9n&NHfAOGa$7,99.96684021509736,1.2388464380849397e+22,3
^WCnEA,36.26636471615072,826.5395001599987,0
zVHY2cfnXlhxi,77.40455203502937,2000285392686685.2,2
@M-eMrbS-+1zQI1F,99.96684021509736,1.2388464380849397e+22,3
%SmA%O+Zf%,60.443941193584536,15683368809.107971,2
tn_iN2Vy+vsq,74.97513016132302,371332624731954.1,2
&EB8Th7R&,56.23134762099227,845906438.4657804,1
&SL*hNE1ACL,68.72720264787944,4885955588578.345,2
!TB%EuYo,48.35515295486763,3600406.062696959,1
gy$yOV=T,48.35515295486763,3600406.062696959,1
OJ_Ls7K8I,56.23134762099227,845906438.4657804,1
%i8E-jxX@cHb=7,87.4709851882102,2.1448172404517663e+18,3
sU9Pxr*SV7+IT_hR,99.96684021509736,1.2388464380849397e+22,3
o^I%O9kndx2,68.72720264787944,4885955588578.345,2
jTb(tB&XIm8#u,81.22305767476661,2.8221279479628508e+16,3
#Fc5el^0*-8,68.72720264787944,4885955588578.345,2
fjXo(1i,43.7354925941051,146451.9457177598,1
BNn4QamAnC)V,74.97513016132302,371332624731954.1,2
_eHUYwj,42.310758835509176,54551.60701056009,1
X6Am)@TyQsP,68.72720264787944,4885955588578.345,2
q)I2&PnhBXhbb-i,93.71891270165378,1.630061102743342e+20,3
IGL^%%g,42.310758835509176,54551.60701056009,1
YK32Q0O_!W,56.43856189774724,976562499.9999964,1
y++yhe#eZF,60.443941193584536,15683368809.107971,2
yS81Kla,41.67937417270812,35216.146062079904,1
DxRXTstV$7*,68.72720264787944,4885955588578.345,2
E@9#^iz5ANz2M,81.22305767476661,2.8221279479628508e+16,3
_*-KIZh6674h&FN,93.71891270165378,1.630061102743342e+20,3
vlW)liV4,49.98342010754868,11130347.874549743,1
p+GGa6&51j,62.47927513443585,64288889323.39929,2
MCDx!d+aZ(J-s),84.62151767101835,2.975877827434588e+17,3
BlIx6V4Uja0RQGET,95.26714096619,4.767240170682337e+20,3
_s9-w3=Fh,56.23134762099227,845906438.4657804,1
jOH+wW,36.26636471615072,826.5395001599987,0
oL4JN0rI,47.633570483095,2183401.0558489566,1
vvnuP9TD0,53.587766793481876,135370865.46263543,1
QKeB)p412IW@qwix,99.96684021509736,1.2388464380849397e+22,3
$CiGMjQ,42.310758835509176,54551.60701056009,1
D-1=5J5W^2,56.43856189774724,976562499.9999964,1
OK^vHYk%D),60.443941193584536,15683368809.107971,2
JSens^pZOJ,60.443941193584536,15683368809.107971,2
Z&6hXGa)R4=,68.72720264787944,4885955588578.345,2
T(9nq!_5%u4C96,87.4709851882102,2.1448172404517663e+18,3
4GK3SGJg#J5=A,81.22305767476661,2.8221279479628508e+16,3
gkKqT(*5CSu,68.72720264787944,4885955588578.345,2
TNL$qu,36.26636471615072,826.5395001599987,0
+iv9-SN,43.7354925941051,146451.9457177598,1
mmxZkfd#nq(n,72.53272943230144,68316754532474.07,2
yjcJl$SpPBtYV31Q,99.96684021509736,1.2388464380849397e+22,3
Zql+RLC6ZkeK,74.97513016132302,371332624731954.1,2
QaLOcMiK!(IM!M+,90.6659117903768,1.9640793661068153e+19,3
*+B-Uc4hlx5R=0GU,99.96684021509736,1.2388464380849397e+22,3
0)B$!c$#LhTaJep,93.71891270165378,1.630061102743342e+20,3
_XEV70uInftZLK,87.4709851882102,2.1448172404517663e+18,3
W31(4iN,43.7354925941051,146451.9457177598,1
z*sYZtaa#r,60.443941193584536,15683368809.107971,2
fHbO*hVj,48.35515295486763,3600406.062696959,1
$nw%sLLY,48.35515295486763,3600406.062696959,1
LoxpBa*,42.310758835509176,54551.60701056009,1
#WUK1lz%SZ-YGWQ8,99.96684021509736,1.2388464380849397e+22,3
nCt@Zq%Gzey,66.488335312943,1035102341401.1293,2
aASh2TOB(%2rq0,87.4709851882102,2.1448172404517663e+18,3
PLsv*NBE4)XRT,81.22305767476661,2.8221279479628508e+16,3
E(0i@FIMkSt,68.72720264787944,4885955588578.345,2
GagXjDBDW%U$tb,84.62151767101835,2.975877827434588e+17,3
Xr&tcl,36.26636471615072,826.5395001599987,0
umMN3g_UC),62.47927513443585,64288889323.39929,2
71iiy*#LD,56.23134762099227,845906438.4657804,1
hXk*9IoL#TahAHS=,99.96684021509736,1.2388464380849397e+22,3
srYNV0qY=YnIK,81.22305767476661,2.8221279479628508e+16,3
h_8qk4Xm,49.98342010754868,11130347.874549743,1
+oF+N1CckmI,68.72720264787944,4885955588578.345,2
(NRGy#kjA,54.39954707422608,237626800.13799885,1
!OKY$Y,31.931568569324178,40.9600000000001,0
kL0fp!^O-yXl7-I,93.71891270165378,1.630061102743342e+20,3
h%%j8#Q+i4Cmv,81.22305767476661,2.8221279479628508e+16,3
XTgAgiu!E2,62.47927513443585,64288889323.39929,2
OlgKge+tT68U,74.97513016132302,371332624731954.1,2
3+qu8U1o=vR,68.72720264787944,4885955588578.345,2
%fs90CZ%L#_n0S,87.4709851882102,2.1448172404517663e+18,3
jWT1S9IXLGNC&h,87.4709851882102,2.1448172404517663e+18,3
cbQGj+=g,48.35515295486763,3600406.062696959,1
p=P6uS(lxxBy)3x,93.71891270165378,1.630061102743342e+20,3
9WQaHfb7,47.633570483095,2183401.0558489566,1
-RfK0g9tO+Z&(6,87.4709851882102,2.1448172404517663e+18,3
+J#Ldl0)es,62.47927513443585,64288889323.39929,2
G+&nY2dej4c,68.72720264787944,4885955588578.345,2
Y8yfq(TA0G,62.47927513443585,64288889323.39929,2
q4BlX),37.48756508066151,1926.999285759998,0
(ROmJQ3komROtfPs,99.96684021509736,1.2388464380849397e+22,3
K_JM6!o-zwSeu=y,93.71891270165378,1.630061102743342e+20,3
u$&UX=Qo,48.35515295486763,3600406.062696959,1
d52cdi)^juz(,67.7262742772967,2441406249999.9995,2
MK(t2b5T*e,62.47927513443585,64288889323.39929,2
EwEZwB^gLkp0ohhK,99.96684021509736,1.2388464380849397e+22,3
8fTJYM0l8As9Fv%,93.71891270165378,1.630061102743342e+20,3
I^E^pj%ObDPDu0,87.4709851882102,2.1448172404517663e+18,3
8W&0rkOY,49.98342010754868,11130347.874549743,1
7t0ATvU6T#WjmN4,93.71891270165378,1.630061102743342e+20,3
%$ONL@m,42.310758835509176,54551.60701056009,1
Q0w-WL)8U+@QlZv,93.71891270165378,1.630061102743342e+20,3
d%ifGLjuFelr*l,84.62151767101835,2.975877827434588e+17,3
Ugjf7qL#K,56.23134762099227,845906438.4657804,1
czWV^9i)3a,62.47927513443585,64288889323.39929,2
u8xsiT5cdSy,65.49615941425563,520365606838.3717,2
ts6rWRLN,47.633570483095,2183401.0558489566,1
ZqmWlQ(,42.310758835509176,54551.60701056009,1
8G=r1UJdv,56.23134762099227,845906438.4657804,1
tvjaaDdB$OmyMK,84.62151767101835,2.975877827434588e+17,3
R_6C!2S!@L4zl,81.22305767476661,2.8221279479628508e+16,3
%h!M0369yAj3,74.97513016132302,371332624731954.1,2
wf9fsslQe,53.587766793481876,135370865.46263543,1
jet&hZ@L4p+crou,93.71891270165378,1.630061102743342e+20,3
5rPwRe,35.725177862321246,568.0023558399979,0
_#^%tdsIi6V*PEzx,99.96684021509736,1.2388464380849397e+22,3
Rx_9SUJ,43.7354925941051,146451.9457177598,1
8QHzVkDW,47.633570483095,2183401.0558489566,1
01KZ#gYfs9d8eO!,93.71891270165378,1.630061102743342e+20,3
5HDVAp,35.725177862321246,568.0023558399979,0
c2zVUEagGD@,68.72720264787944,4885955588578.345,2
VTOneVu1ZwQtf,77.40455203502937,2000285392686685.2,2
s@aNRzgsWR77cLg,93.71891270165378,1.630061102743342e+20,3
7OB#t6z_p9R,68.72720264787944,4885955588578.345,2
1KVc#3U&9q8Ph,81.22305767476661,2.8221279479628508e+16,3
Of8m*Z0=KoBHM^,87.4709851882102,2.1448172404517663e+18,3
jyzOUKv2PASUOKGR,95.26714096619,4.767240170682337e+20,3
q_93nw4M,49.98342010754868,11130347.874549743,1
y5(#Dz2EIP,62.47927513443585,64288889323.39929,2
hgza-T2$&izP^s,87.4709851882102,2.1448172404517663e+18,3
7BxzslyT@4@Hc,81.22305767476661,2.8221279479628508e+16,3
K!(=4^cHhdgyW,81.22305767476661,2.8221279479628508e+16,3
QnP0(4HnR3,62.47927513443585,64288889323.39929,2
XI38JPiBVH,59.54196310386875,8392993658.683406,1
&VzG5&5V,49.98342010754868,11130347.874549743,1
f3G_8zI8(Y)W2,81.22305767476661,2.8221279479628508e+16,3
zE6t2+G,43.7354925941051,146451.9457177598,1
cvIAqnmk*X56uivn,99.96684021509736,1.2388464380849397e+22,3
o14GyV1TY,53.587766793481876,135370865.46263543,1
V&g^(kZTdaNN90x,93.71891270165378,1.630061102743342e+20,3
K5uw6XSSlt!,68.72720264787944,4885955588578.345,2
315dTJx,41.67937417270812,35216.146062079904,1
H_b^dA_QpbrSDes,90.6659117903768,1.9640793661068153e+19,3
!oY2ixfQ,49.98342010754868,11130347.874549743,1
+yxi18e,39.50699332842307,7812.499999999993,0
nVkgkL5ZjbOV,71.45035572464249,32262667623978.76,2
C+s6%*,37.48756508066151,1926.999285759998,0
k_CT!x$A5vMrb,81.22305767476661,2.8221279479628508e+16,3
zOapRa=W-jC&9%,87.4709851882102,2.1448172404517663e+18,3
6whb0B,35.725177862321246,568.0023558399979,0
sd3tT+,37.48756508066151,1926.999285759998,0
-%T-P^c8u,56.23134762099227,845906438.4657804,1
sXwBmbxUk3,59.54196310386875,8392993658.683406,1
Ju6GchwnU4K,65.49615941425563,520365606838.3717,2
#U9fDUM,43.7354925941051,146451.9457177598,1
9hHS6ZR^ZGaN8#b(,99.96684021509736,1.2388464380849397e+22,3
1fCegv(,43.7354925941051,146451.9457177598,1
)K4TuQz8r@9mK4E,93.71891270165378,1.630061102743342e+20,3
b0)S&GyAFf,62.47927513443585,64288889323.39929,2
rXFQ@Bqs,48.35515295486763,3600406.062696959,1
x6@P)x5prf490,81.22305767476661,2.8221279479628508e+16,3
NbKT1#,37.48756508066151,1926.999285759998,0
XpqZPYBNCC,57.004397181410916,1445551059.490564,1
#bZVuo,36.26636471615072,826.5395001599987,0
vu88UK(d5kS,68.72720264787944,4885955588578.345,2
NeT9=Px^),56.23134762099227,845906438.4657804,1
%_(xCTZ_4eYf,74.97513016132302,371332624731954.1,2
Zl)EJMB7SxcAuW,87.4709851882102,2.1448172404517663e+18,3
5+KGyy,37.48756508066151,1926.999285759998,0
7@9!SC-px5Jmu,81.22305767476661,2.8221279479628508e+16,3
v3nkUGpJOqpn$_+,93.71891270165378,1.630061102743342e+20,3
GBcAJDRq5RA,65.49615941425563,520365606838.3717,2
3TN%7$6=_US4,67.7262742772967,2441406249999.9995,2
F4eC99,35.725177862321246,568.0023558399979,0
_-kSjhPT4kQLx(Yn,99.96684021509736,1.2388464380849397e+22,3
=_QeOGjUJ@9wUfC,93.71891270165378,1.630061102743342e+20,3
IH@*jHSsN,54.39954707422608,237626800.13799885,1
HstnLtplTD4l,71.45035572464249,32262667623978.76,2
AZTTm_p,42.310758835509176,54551.60701056009,1
Cq0uG=tPs#fD,74.97513016132302,371332624731954.1,2
7Q-0pTgrpc1gt,81.22305767476661,2.8221279479628508e+16,3
*GskTgbHn*fzU,78.5771235516599,4508905799143302.0,2
R4+I@dCioE,62.47927513443585,64288889323.39929,2
m*Jad52,43.7354925941051,146451.9457177598,1
FA1ZDcQ,41.67937417270812,35216.146062079904,1
ojNEx_6i$,56.23134762099227,845906438.4657804,1
*!_WAnM(2j3w,74.97513016132302,371332624731954.1,2
2wx%Bkm!S,56.23134762099227,845906438.4657804,1
ZOnsmw40%p,62.47927513443585,64288889323.39929,2
FZNNbNC8lLhW!,81.22305767476661,2.8221279479628508e+16,3
rh*uXg8,43.7354925941051,146451.9457177598,1
PeH9PbWb45JT=JC,93.71891270165378,1.630061102743342e+20,3
ei3U&$kN,49.98342010754868,11130347.874549743,1
ZPycK3+$2jLEkwJn,99.96684021509736,1.2388464380849397e+22,3
yGBtW(,36.26636471615072,826.5395001599987,0
Rj27Xaj3,47.633570483095,2183401.0558489566,1
o17TFk#CoEC,68.72720264787944,4885955588578.345,2
sg%w8_WltWKl__,87.4709851882102,2.1448172404517663e+18,3
4m5q6ZEvP&,62.47927513443585,64288889323.39929,2
WKE$T3,33.86313713864835,156.24999999999997,0
g0Y$Ur4o6,56.23134762099227,845906438.4657804,1
L+!pQG,36.26636471615072,826.5395001599987,0
cHMvptj3Nf_(Y,81.22305767476661,2.8221279479628508e+16,3
h1c^Guc8U,56.23134762099227,845906438.4657804,1
aouKkJo1,47.633570483095,2183401.0558489566,1
1_6m*OX_,49.98342010754868,11130347.874549743,1
pvG-i=aOtT)H,72.53272943230144,68316754532474.07,2
#M63kwpSN2g-,74.97513016132302,371332624731954.1,2
DiXet8GIGS,59.54196310386875,8392993658.683406,1
g++J!SO,42.310758835509176,54551.60701056009,1
hsmz%xr$0_xf2,73.37013046707142,122070312499999.86,2
MDJSqm,34.20263830884655,197.70609663999988,0
shQo9Yc&xP$,68.72720264787944,4885955588578.345,2
=_yK*_FF,48.35515295486763,3600406.062696959,1
bGo+4RNldczz1ry-,99.96684021509736,1.2388464380849397e+22,3
CAu2z05%cHl^-,81.22305767476661,2.8221279479628508e+16,3
cQUUehGs6K$U#a6Q,99.96684021509736,1.2388464380849397e+22,3
jgH9J3RG,47.633570483095,2183401.0558489566,1
kofbV_MMW-CdUM,84.62151767101835,2.975877827434588e+17,3
zfeeV#j67Nz=c1-Z,99.96684021509736,1.2388464380849397e+22,3
XfeRGwQcgmL8_,81.22305767476661,2.8221279479628508e+16,3
P6#nN3%,43.7354925941051,146451.9457177598,1
P0K7UOBW$KhBR,81.22305767476661,2.8221279479628508e+16,3
Au#lgUz2,49.98342010754868,11130347.874549743,1
4tAEWX)Wb,56.23134762099227,845906438.4657804,1
s-$34!QG!0C+dC,87.4709851882102,2.1448172404517663e+18,3
5sPKJQVF,47.633570483095,2183401.0558489566,1
5TlH4N,35.725177862321246,568.0023558399979,0
yU8&=ptjhDCj,74.97513016132302,371332624731954.1,2
8ewa2fnQ,47.633570483095,2183401.0558489566,1
-QAVK4Z,39.50699332842307,7812.499999999993,0
+jNKov%B3b#,68.72720264787944,4885955588578.345,2
+nGySkA,42.310758835509176,54551.60701056009,1
E!SXuFCh0P66(,81.22305767476661,2.8221279479628508e+16,3
5Zb^ptcR%wGE()Ca,99.96684021509736,1.2388464380849397e+22,3
f&VN$jEdK(mdV,78.5771235516599,4508905799143302.0,2
OwC&CtiZK6Kk,74.97513016132302,371332624731954.1,2
Iv0Vp)KQU#mW,74.97513016132302,371332624731954.1,2
&!$G4&l4waOFOc^G,99.96684021509736,1.2388464380849397e+22,3
=g#htzs#jA6,68.72720264787944,4885955588578.345,2
X@^+G0wzJPsfxb,87.4709851882102,2.1448172404517663e+18,3
$TUbwo46fjq$,74.97513016132302,371332624731954.1,2
cxHzgA,34.20263830884655,197.70609663999988,0
GnBBCyRf&$RGL_,84.62151767101835,2.975877827434588e+17,3
ISPDAu*NsLG1Fy2,93.71891270165378,1.630061102743342e+20,3
WMv&LZXP,48.35515295486763,3600406.062696959,1
3=GYbL#K+w,62.47927513443585,64288889323.39929,2
uhnox1#T(ncYrnJR,99.96684021509736,1.2388464380849397e+22,3
i9s#q_+YqvH),74.97513016132302,371332624731954.1,2
n42IJaE859*aBdY,93.71891270165378,1.630061102743342e+20,3
W-V6hrjM,49.98342010754868,11130347.874549743,1
e6cR2E*Q,49.98342010754868,11130347.874549743,1
RVktf4)NzeniUQbi,99.96684021509736,1.2388464380849397e+22,3
PTN#itj,42.310758835509176,54551.60701056009,1
9iINrK4!UU)9Ypd,93.71891270165378,1.630061102743342e+20,3
&_g2(j,33.86313713864835,156.24999999999997,0
gq(@+LB$A,54.39954707422608,237626800.13799885,1
%ZYNA*3N,45.150849518197795,390624.9999999993,1
7KDaS#iKP2GhiHgs,99.96684021509736,1.2388464380849397e+22,3
9Jp5u939@#DqoEU,93.71891270165378,1.630061102743342e+20,3
c^^vPZT0ueVCH^m9,99.96684021509736,1.2388464380849397e+22,3
+#qic59bF6,62.47927513443585,64288889323.39929,2
u5O*cr+ZCbUqqq$,93.71891270165378,1.630061102743342e+20,3
72X8v=@uk#92CE,87.4709851882102,2.1448172404517663e+18,3
TfV1!O9$dc@A4y8,93.71891270165378,1.630061102743342e+20,3
ln!*mvrmG,54.39954707422608,237626800.13799885,1
4)J_!dig7xTIZe5d,99.96684021509736,1.2388464380849397e+22,3
2A-2bnmPe!6s,74.97513016132302,371332624731954.1,2
6WVEE)$tfUdh+i,87.4709851882102,2.1448172404517663e+18,3
Pn&QXOAB),54.39954707422608,237626800.13799885,1
9bS7iI,35.725177862321246,568.0023558399979,0
8JD9e!Qfp,56.23134762099227,845906438.4657804,1
1Ds#JPrpx&t,68.72720264787944,4885955588578.345,2
7C4ug7tD2PM@W7,87.4709851882102,2.1448172404517663e+18,3
07uiT&208K=t,74.97513016132302,371332624731954.1,2
(PuBIX8kF_#dQS,87.4709851882102,2.1448172404517663e+18,3
QlgxV0C*Mq3g,74.97513016132302,371332624731954.1,2
!4*kKjj(NHQV,74.97513016132302,371332624731954.1,2
-DbTuQv,42.310758835509176,54551.60701056009,1
1D9bKm1dW=n,68.72720264787944,4885955588578.345,2
RJGLKTe$bAOAO,78.5771235516599,4508905799143302.0,2
Yye!ukrF,48.35515295486763,3600406.062696959,1
VloHMkWu+0,62.47927513443585,64288889323.39929,2
x)Dz@*g2k(sr1Q,87.4709851882102,2.1448172404517663e+18,3
oP$9FgS$kFgGT,81.22305767476661,2.8221279479628508e+16,3
h1x17BC$S,56.23134762099227,845906438.4657804,1
BXU6j3SRM,53.587766793481876,135370865.46263543,1
RKs1A8,35.725177862321246,568.0023558399979,0
Exojj!-zVc_8r,81.22305767476661,2.8221279479628508e+16,3
mTn$rlYeYqpp,72.53272943230144,68316754532474.07,2
*1jiAsV2TPvJ-,81.22305767476661,2.8221279479628508e+16,3
gK4MzK2_XkXb,74.97513016132302,371332624731954.1,2
aqn9PoHB3kdy,71.45035572464249,32262667623978.76,2
7^f2smD2,49.98342010754868,11130347.874549743,1
hW)&2k9MJHN,68.72720264787944,4885955588578.345,2
)x+wZygo,48.35515295486763,3600406.062696959,1
mlHgXM@,42.310758835509176,54551.60701056009,1
5Xa4mx1w%6108,81.22305767476661,2.8221279479628508e+16,3
NMFvW+#-q7!5AK8,93.71891270165378,1.630061102743342e+20,3
8UgotHE,41.67937417270812,35216.146062079904,1
YWzbo9u,41.67937417270812,35216.146062079904,1
)J@Z@9O)Tt_GD*,87.4709851882102,2.1448172404517663e+18,3
9*1VvUeJ=K&c%,81.22305767476661,2.8221279479628508e+16,3
NC2#YGWGCfWdj,81.22305767476661,2.8221279479628508e+16,3
!YNjm-a3&sc,68.72720264787944,4885955588578.345,2
Ya&ioml,42.310758835509176,54551.60701056009,1
)wR@2m*_X0yL,74.97513016132302,371332624731954.1,2
c#jmYUjM8E,62.47927513443585,64288889323.39929,2
Oqcaxh3,41.67937417270812,35216.146062079904,1
aHsyp)!vKS,60.443941193584536,15683368809.107971,2
2G$@3+Cp0,56.23134762099227,845906438.4657804,1
G0Yu7!2e%0&oIE(,93.71891270165378,1.630061102743342e+20,3
hbIpLkre3lfR,71.45035572464249,32262667623978.76,2
CdI%XTjt,48.35515295486763,3600406.062696959,1
7!z=egpx*mb%,67.7262742772967,2441406249999.9995,2
%tfoQeT0to,62.47927513443585,64288889323.39929,2
bU&tfWShR,54.39954707422608,237626800.13799885,1
kGgf20,35.725177862321246,568.0023558399979,0
sv!1xaemke6,62.082418087521965,48828124999.99979,2
pWF^XL,36.26636471615072,826.5395001599987,0
Dufg_tkP#*8,68.72720264787944,4885955588578.345,2
W0bJt2(,43.7354925941051,146451.9457177598,1
st6wggn,36.18947501009619,783.641640960001,0
4YmOg*H,43.7354925941051,146451.9457177598,1
+Bt+3mCa+o)D)D,87.4709851882102,2.1448172404517663e+18,3
lYJy-%J6c)i,68.72720264787944,4885955588578.345,2
F16RM8),39.50699332842307,7812.499999999993,0
aYzHGyzYb0r6c,77.40455203502937,2000285392686685.2,2
1qHsSIA3OOB#^s3,93.71891270165378,1.630061102743342e+20,3
HtaEZ(zE,48.35515295486763,3600406.062696959,1
dne+C2P,43.7354925941051,146451.9457177598,1
&+p7*hx*mOZGRiE,93.71891270165378,1.630061102743342e+20,3
$+iq+9#a,45.150849518197795,390624.9999999993,1
x1GURdecDk,59.54196310386875,8392993658.683406,1
q4wH91Mbw1,59.54196310386875,8392993658.683406,1
O_VfxgJw!,54.39954707422608,237626800.13799885,1
3jsI9L5,41.67937417270812,35216.146062079904,1
e4J=IrhbfM8(BId,93.71891270165378,1.630061102743342e+20,3
=oUbVBaJ,48.35515295486763,3600406.062696959,1
4SDxA1,35.725177862321246,568.0023558399979,0
ONw@2=u,43.7354925941051,146451.9457177598,1
xZ2Hcw1+X9N,68.72720264787944,4885955588578.345,2
l$fXyUXaaRp9-I,87.4709851882102,2.1448172404517663e+18,3
ytjD@YvQeE*zz,78.5771235516599,4508905799143302.0,2
vHnl*q&LE1FpWj&,93.71891270165378,1.630061102743342e+20,3
R%f!F^sqqqdw+9,87.4709851882102,2.1448172404517663e+18,3
x*XR!07tEe=+eDBS,99.96684021509736,1.2388464380849397e+22,3
cexQzvmWs2=$,74.97513016132302,371332624731954.1,2
7MgcN+HJpajhASCa,99.96684021509736,1.2388464380849397e+22,3
Rx=y^r),42.310758835509176,54551.60701056009,1
iCdiZAlrX$coRn+x,96.71030590973525,1.2962923816305017e+21,3
NqYIw)wFk,54.39954707422608,237626800.13799885,1
X-sud5f1U54%k,81.22305767476661,2.8221279479628508e+16,3
AxY5GEnbJHB5N@,87.4709851882102,2.1448172404517663e+18,3
F8Dkt3t,41.67937417270812,35216.146062079904,1
&Rs#2JG8rGi,68.72720264787944,4885955588578.345,2
lQTb&6FvN,56.23134762099227,845906438.4657804,1
@(i3PMi2,49.98342010754868,11130347.874549743,1
62cbM8m4o5Rtv,77.40455203502937,2000285392686685.2,2
3JAFZhWK1yY,65.49615941425563,520365606838.3717,2
PH+viDaT@4*G#op5,99.96684021509736,1.2388464380849397e+22,3
m0o3Us9b,47.633570483095,2183401.0558489566,1
@5OL6(&h9Lc%rg,87.4709851882102,2.1448172404517663e+18,3
fXiUV)ob%,54.39954707422608,237626800.13799885,1
m5Q^YgHsi,56.23134762099227,845906438.4657804,1
#X4G!^,33.86313713864835,156.24999999999997,0
&ek(t8p5Aa@eblPi,99.96684021509736,1.2388464380849397e+22,3
2VB6$^,33.86313713864835,156.24999999999997,0
CVRP0-YnV,56.23134762099227,845906438.4657804,1
N0yv(&0WAjR(9=Dt,99.96684021509736,1.2388464380849397e+22,3
d5g7JCW)$sFYN,81.22305767476661,2.8221279479628508e+16,3
1=5W3rJ7,49.98342010754868,11130347.874549743,1
(VVf1(rrB,56.23134762099227,845906438.4657804,1
UaJ#M+,36.26636471615072,826.5395001599987,0
Gppmu_RxXdFl_32N,99.96684021509736,1.2388464380849397e+22,3
h2lU!0Xw,49.98342010754868,11130347.874549743,1
qEV^y5u,43.7354925941051,146451.9457177598,1
ZYNP7D%,39.50699332842307,7812.499999999993,0
GOvrsu4@,49.98342010754868,11130347.874549743,1
zxjkugt,32.90307802698764,80.31810175999989,0
EO^_91eNP2,62.47927513443585,64288889323.39929,2
22NpQ)8+,49.98342010754868,11130347.874549743,1
VStncU^vZcNS4,81.22305767476661,2.8221279479628508e+16,3
dVOk6z#zG1G,68.72720264787944,4885955588578.345,2
CaecA9,35.725177862321246,568.0023558399979,0
N%0cVxWvhERQ@6r,93.71891270165378,1.630061102743342e+20,3
T$2yjZX6vDZ7AgV,93.71891270165378,1.630061102743342e+20,3
4V=^r#t=Pxy=!M8o,99.96684021509736,1.2388464380849397e+22,3
08ccXQw3ft$3xg,87.4709851882102,2.1448172404517663e+18,3
Z$!+bZw,42.310758835509176,54551.60701056009,1
y1DU7a(o,49.98342010754868,11130347.874549743,1
ZLYI+5gjOpL5,74.97513016132302,371332624731954.1,2
vL5h3n,35.725177862321246,568.0023558399979,0
v4fmd4-TuTTnwr)n,99.96684021509736,1.2388464380849397e+22,3
$4EJK$ajxe,62.47927513443585,64288889323.39929,2
2DKO)v,37.48756508066151,1926.999285759998,0
fiUVgC^,42.310758835509176,54551.60701056009,1
mF*9obj,43.7354925941051,146451.9457177598,1
1^Jknq51bc(XGwsC,99.96684021509736,1.2388464380849397e+22,3
LmXRKKD3CM,59.54196310386875,8392993658.683406,1
l5+6VkpGP2ED%!S,93.71891270165378,1.630061102743342e+20,3
Y@YPHjL%43K@6Q,87.4709851882102,2.1448172404517663e+18,3
Eha@M=^,42.310758835509176,54551.60701056009,1
60@4VwU+9,56.23134762099227,845906438.4657804,1
q=Oc&)1^VxoCP*^,93.71891270165378,1.630061102743342e+20,3
wpkXDu2O0=tWK,81.22305767476661,2.8221279479628508e+16,3
pRdl)p09N2$,68.72720264787944,4885955588578.345,2
W4-$e),37.48756508066151,1926.999285759998,0
SjapQhiq=TWIlL,84.62151767101835,2.975877827434588e+17,3
yzCRplDbOP#jjjD,90.6659117903768,1.9640793661068153e+19,3
wPRVaB8rC,53.587766793481876,135370865.46263543,1
Ki6QhVkX9N_Pl,81.22305767476661,2.8221279479628508e+16,3
!A!2%BJaXqQ,68.72720264787944,4885955588578.345,2
m7b-kZCWaFEXIa,87.4709851882102,2.1448172404517663e+18,3
YG(t^P$DFa,60.443941193584536,15683368809.107971,2
M2$&Lb,37.48756508066151,1926.999285759998,0
0vJ0S%!-,49.98342010754868,11130347.874549743,1
tvfTg-,36.26636471615072,826.5395001599987,0
aed_$8b3=D,62.47927513443585,64288889323.39929,2
2-MgNp,37.48756508066151,1926.999285759998,0
6DZvM8fL,47.633570483095,2183401.0558489566,1
K%#9aI#r3MX,68.72720264787944,4885955588578.345,2
75g!T@^&*t,62.47927513443585,64288889323.39929,2
Tf(xzzNrP,54.39954707422608,237626800.13799885,1
gBF5bEfiOJ,59.54196310386875,8392993658.683406,1
aHsKR4G,41.67937417270812,35216.146062079904,1
wZ&Gj!c9,49.98342010754868,11130347.874549743,1
LCkz^#O0n,56.23134762099227,845906438.4657804,1
omTt5vNy,47.633570483095,2183401.0558489566,1
bNuhA2ZZ876=81^z,99.96684021509736,1.2388464380849397e+22,3
Fdz!nQBi),54.39954707422608,237626800.13799885,1
axh19^e_xP,62.47927513443585,64288889323.39929,2
qO1qcYfJ(Th,68.72720264787944,4885955588578.345,2
3-sIRY2c5YlAo,81.22305767476661,2.8221279479628508e+16,3
ffF+7LAG1,56.23134762099227,845906438.4657804,1
JK+1RKyliY3&z-WF,99.96684021509736,1.2388464380849397e+22,3
8-8rOz(RqcNDJpc3,99.96684021509736,1.2388464380849397e+22,3
oBqXDPs,39.90307802698764,10280.717025279986,0
NeV8ra2E,47.633570483095,2183401.0558489566,1
$!T(DbIuqB16L,81.22305767476661,2.8221279479628508e+16,3
JHsd7g)*GCsg4,81.22305767476661,2.8221279479628508e+16,3
7Nlfc061toks5,77.40455203502937,2000285392686685.2,2
IPk%SS5,43.7354925941051,146451.9457177598,1
W@PSCDsZiW,60.443941193584536,15683368809.107971,2
VJ(5*8H,39.50699332842307,7812.499999999993,0
q&gmyfyZWZ9CVE%T,99.96684021509736,1.2388464380849397e+22,3
AMK=hg2=9k,62.47927513443585,64288889323.39929,2
UhCuSGpVSeJ(Swt,90.6659117903768,1.9640793661068153e+19,3
agD&U0,37.48756508066151,1926.999285759998,0
Uy+g!k&H8^9inv,87.4709851882102,2.1448172404517663e+18,3
2hhD_#,37.48756508066151,1926.999285759998,0
W0R^#YN1WLhEm(P,93.71891270165378,1.630061102743342e+20,3
fam6PPt2f0SY,71.45035572464249,32262667623978.76,2
2C(!$n0Sdy8,68.72720264787944,4885955588578.345,2
p#M9vE%Ce,56.23134762099227,845906438.4657804,1
$5fZn+Et,49.98342010754868,11130347.874549743,1
SBNXyjVi4T,59.54196310386875,8392993658.683406,1
e%@%fNtJxF,60.443941193584536,15683368809.107971,2
SO#LKgnfX2fe,74.97513016132302,371332624731954.1,2
BSON6=!@,45.150849518197795,390624.9999999993,1
%P!bjN7GK=3yx,81.22305767476661,2.8221279479628508e+16,3
S131U=pKUodPkPLI,99.96684021509736,1.2388464380849397e+22,3
wd(eg@pxbec,58.541209043760986,4194304000.0000014,1
^1N2xI=I5MR,68.72720264787944,4885955588578.345,2
5CljcO4rrXg,65.49615941425563,520365606838.3717,2
7wf)9uK,43.7354925941051,146451.9457177598,1
=n^pDUGq5o9Ru+R(,99.96684021509736,1.2388464380849397e+22,3
zCJ&-Uz-7VKyLrc%,99.96684021509736,1.2388464380849397e+22,3
*_eP)p&DV8Duk,81.22305767476661,2.8221279479628508e+16,3
Dg#qKn7_Bfg+2G,87.4709851882102,2.1448172404517663e+18,3
R$G8M$@),45.150849518197795,390624.9999999993,1
VSlAt-(-)+K!eY,84.62151767101835,2.975877827434588e+17,3
T6vdvOdvg9KQ,71.45035572464249,32262667623978.76,2
$u)D74Gd=,56.23134762099227,845906438.4657804,1
YvDZx$WXym%gSK8x,99.96684021509736,1.2388464380849397e+22,3
Dg12g0xYpWV6Tfr,89.31294465580312,7.689097049487633e+18,3
WqOsg-2#,49.98342010754868,11130347.874549743,1
zJTtoFmgwsnS87,83.35874834541625,1.2401769434657461e+17,3
83JTEI1Hk3RDfIp,89.31294465580312,7.689097049487633e+18,3
L(QsF#K5oDQYaxu3,99.96684021509736,1.2388464380849397e+22,3
8@dPX11w8!9g,74.97513016132302,371332624731954.1,2
TAvLv(,36.26636471615072,826.5395001599987,0
#PQ1GjO&Dhh,68.72720264787944,4885955588578.345,2
d*@n)p6XTB((qAyU,99.96684021509736,1.2388464380849397e+22,3
ornSmAN6yZ1,65.49615941425563,520365606838.3717,2
0lBgT7rXk,53.587766793481876,135370865.46263543,1
$07NoA2vj_8o4LP,93.71891270165378,1.630061102743342e+20,3
!k@@!rHovBQ!tYK,90.6659117903768,1.9640793661068153e+19,3
BKni9-QaUp++_W64,99.96684021509736,1.2388464380849397e+22,3
+nPDXtAu,48.35515295486763,3600406.062696959,1
euyLRtn,39.90307802698764,10280.717025279986,0
8bqvUOHs(,56.23134762099227,845906438.4657804,1
3)C5kKF,43.7354925941051,146451.9457177598,1
b5Z=R$9ja=D*,74.97513016132302,371332624731954.1,2
!sgfrsZvM,54.39954707422608,237626800.13799885,1
3wJIN3,35.725177862321246,568.0023558399979,0
3@P#cPE,43.7354925941051,146451.9457177598,1
(Ks=+UIZ1aC,68.72720264787944,4885955588578.345,2
_*2-xDr_NRx,68.72720264787944,4885955588578.345,2
PRj0Dz)=ju%nS#Aw,99.96684021509736,1.2388464380849397e+22,3
O!UOdOl!##H,66.488335312943,1035102341401.1293,2
vdddu7k5u,46.529325012980806,1015599.5666841561,1
SQ=pvdRNWdI-Gc1E,99.96684021509736,1.2388464380849397e+22,3
Ip=eoy(%,48.35515295486763,3600406.062696959,1
(dRRiOs$p,54.39954707422608,237626800.13799885,1
KEwZ#bll,48.35515295486763,3600406.062696959,1
sW(1_pJIq,56.23134762099227,845906438.4657804,1
ZIe*q2b@%Z+,68.72720264787944,4885955588578.345,2
#lfSex,36.26636471615072,826.5395001599987,0
sD3J$wd^3lZ6)*!h,99.96684021509736,1.2388464380849397e+22,3
&#9kT!f(U6J,68.72720264787944,4885955588578.345,2
ooaqxE*dEn4qm,81.22305767476661,2.8221279479628508e+16,3
+%uHuzWu,48.35515295486763,3600406.062696959,1
M3usRD3Q,47.633570483095,2183401.0558489566,1
QHya9iJTz^0C,74.97513016132302,371332624731954.1,2
7nN#iKpJ#JjG,74.97513016132302,371332624731954.1,2
M%Rr14F+%S,62.47927513443585,64288889323.39929,2
5L1q7c,35.725177862321246,568.0023558399979,0
r25BvT0=nK0Wb*t,93.71891270165378,1.630061102743342e+20,3
7j%#x@3vSU,62.47927513443585,64288889323.39929,2
Gkwi9FZ95&SCt6H,93.71891270165378,1.630061102743342e+20,3
H6McDF,35.725177862321246,568.0023558399979,0
3mZhgLYeUVS,65.49615941425563,520365606838.3717,2
7e3B*fbXaq,62.47927513443585,64288889323.39929,2
ginhdzF,39.90307802698764,10280.717025279986,0
o9fxU9n=i61uq%W,93.71891270165378,1.630061102743342e+20,3
*E(DC2pu2NxU,74.97513016132302,371332624731954.1,2
uRLA3_,37.48756508066151,1926.999285759998,0
!jrpJL9bAn,62.47927513443585,64288889323.39929,2
Aic*uRBIdb,60.443941193584536,15683368809.107971,2
S5OUF_u,43.7354925941051,146451.9457177598,1
L146tSBX,47.633570483095,2183401.0558489566,1
RNrn(QIx=amS(j,84.62151767101835,2.975877827434588e+17,3
4zs8ZC,35.725177862321246,568.0023558399979,0
fHP#vzBrdla8g,81.22305767476661,2.8221279479628508e+16,3
l(D5086i,49.98342010754868,11130347.874549743,1
MUib_5,37.48756508066151,1926.999285759998,0
fLz7W6481Ko*@,81.22305767476661,2.8221279479628508e+16,3
@#4GxbEJz!w1,74.97513016132302,371332624731954.1,2
M5vFK&l6rT6Hl9_s,99.96684021509736,1.2388464380849397e+22,3
oO9sQFc,41.67937417270812,35216.146062079904,1
k3K$m^md6,56.23134762099227,845906438.4657804,1
64fP4u,35.725177862321246,568.0023558399979,0
^ctqc0$,39.50699332842307,7812.499999999993,0
fKXBsRl,39.90307802698764,10280.717025279986,0
(iyTn*-4,49.98342010754868,11130347.874549743,1
02p)5F8,43.7354925941051,146451.9457177598,1
7x0-Ks4k%D9AY,81.22305767476661,2.8221279479628508e+16,3
O%gs0snQ,49.98342010754868,11130347.874549743,1
BInQxxTEBgpeB^,84.62151767101835,2.975877827434588e+17,3
cGPT+&l5zCTd7!WL,99.96684021509736,1.2388464380849397e+22,3
LL#DLM$a6,56.23134762099227,845906438.4657804,1
cChS!E,36.26636471615072,826.5395001599987,0
H33_pziHYg,62.47927513443585,64288889323.39929,2
5_c86ddz,45.150849518197795,390624.9999999993,1
Ul^RRN^S!I,60.443941193584536,15683368809.107971,2
o&EaZQ,36.26636471615072,826.5395001599987,0
2-nEdptM_2fL,74.97513016132302,371332624731954.1,2
Q^Df@^_(nqLcLA,84.62151767101835,2.975877827434588e+17,3
$MO4Av,37.48756508066151,1926.999285759998,0
hOC5HG@_qF%ssk-e,99.96684021509736,1.2388464380849397e+22,3
@G7!m9,37.48756508066151,1926.999285759998,0
UP0Dei0Sb5*0,74.97513016132302,371332624731954.1,2
5+udKO0gVhGlaA*,93.71891270165378,1.630061102743342e+20,3
QgLtF#4k$v,62.47927513443585,64288889323.39929,2
$p%A9RZKIL,62.47927513443585,64288889323.39929,2
=qNzDQKHY8e,68.72720264787944,4885955588578.345,2
Fp(8s22ap,56.23134762099227,845906438.4657804,1
OPq6T32i0jdFuO,83.35874834541625,1.2401769434657461e+17,3
#j$gkna8hQd,68.72720264787944,4885955588578.345,2
+ey*0-Q!TX,62.47927513443585,64288889323.39929,2
0$$rQY3SCoyV,74.97513016132302,371332624731954.1,2
qbG!G!E*K@5AT,81.22305767476661,2.8221279479628508e+16,3
!EtPXJXIqvnfkUq6,99.96684021509736,1.2388464380849397e+22,3
r(777Ez%73,62.47927513443585,64288889323.39929,2
5t*lOtOU8J*,68.72720264787944,4885955588578.345,2
f!cieY,36.26636471615072,826.5395001599987,0
Y1GS6P5,36.18947501009619,783.641640960001,0
1dys*_C0J4#C8z,87.4709851882102,2.1448172404517663e+18,3
-BDVt2t$HS,62.47927513443585,64288889323.39929,2
EbOLm$lRTHxpZ,78.5771235516599,4508905799143302.0,2
228kZaK4,47.633570483095,2183401.0558489566,1
3b00+XjqwVV3rY^,93.71891270165378,1.630061102743342e+20,3
+IQl=Ifk+*A,66.488335312943,1035102341401.1293,2
ao_tqen(3,50.79470570797252,19531249.999999948,1
(pGB(MlA#b5,68.72720264787944,4885955588578.345,2
XXRSG#c,42.310758835509176,54551.60701056009,1
qC%dS+fPT^,60.443941193584536,15683368809.107971,2
Mj!cO+$)xafzbZg,90.6659117903768,1.9640793661068153e+19,3
(XdFRG8ufH,62.47927513443585,64288889323.39929,2
IczcJe^DLk&0*bR3,99.96684021509736,1.2388464380849397e+22,3
T5bwz21-QU4T8,81.22305767476661,2.8221279479628508e+16,3
IqV8wTo1YDyM8v,83.35874834541625,1.2401769434657461e+17,3
D$f(Le,36.26636471615072,826.5395001599987,0
c&-wh27,39.50699332842307,7812.499999999993,0
MMiOWE,34.20263830884655,197.70609663999988,0
9=n1JH$)jx9Fb,81.22305767476661,2.8221279479628508e+16,3
=iZ0A0(iZG0oxSR,93.71891270165378,1.630061102743342e+20,3
PZ!zOL@BM9irt,81.22305767476661,2.8221279479628508e+16,3
Wg*vnxv15,56.23134762099227,845906438.4657804,1
m#6kozi,39.50699332842307,7812.499999999993,0
zB8RFLw,41.67937417270812,35216.146062079904,1
Tt%y08&bcu,62.47927513443585,64288889323.39929,2
5TeE9c$og,56.23134762099227,845906438.4657804,1
EW=*dTm5X4mxFb,87.4709851882102,2.1448172404517663e+18,3
RXtWOGjnca-D#x,84.62151767101835,2.975877827434588e+17,3
(&MRLzPdP,54.39954707422608,237626800.13799885,1
hrc-Y9,37.48756508066151,1926.999285759998,0
zJAe_7,37.48756508066151,1926.999285759998,0
3^zpu-I,43.7354925941051,146451.9457177598,1
=4)-3MncXmTCX,81.22305767476661,2.8221279479628508e+16,3
F3)1ci,37.48756508066151,1926.999285759998,0
X9(9wWwL,49.98342010754868,11130347.874549743,1
SnPAj9,35.725177862321246,568.0023558399979,0
esf4i97UZ75d+,81.22305767476661,2.8221279479628508e+16,3
qHNBSZ,34.20263830884655,197.70609663999988,0
QY0ZNBC,36.18947501009619,783.641640960001,0
TNuSJ$0w&,56.23134762099227,845906438.4657804,1
E&mvYeJFKk8EIW,87.4709851882102,2.1448172404517663e+18,3
hSzP0^EU,49.98342010754868,11130347.874549743,1
khatqHwt^,54.39954707422608,237626800.13799885,1
!eCxaOD1*IKLGH6,93.71891270165378,1.630061102743342e+20,3
PlMcswto#EY,66.488335312943,1035102341401.1293,2
pb1b7BI4gny=Km,87.4709851882102,2.1448172404517663e+18,3
XG)^ncwgWy3=,74.97513016132302,371332624731954.1,2
fImih#=7^IQRg0Y*,99.96684021509736,1.2388464380849397e+22,3
ckzvzP^6y@,62.47927513443585,64288889323.39929,2
GG9xlP9=rO&fp,81.22305767476661,2.8221279479628508e+16,3
wyG9qR,35.725177862321246,568.0023558399979,0
YO82iXY)f0,62.47927513443585,64288889323.39929,2
jZASOgY$(-51,74.97513016132302,371332624731954.1,2
mcCM2N6bgs^4,74.97513016132302,371332624731954.1,2
12!1ZSlvqZ,62.47927513443585,64288889323.39929,2
rHCu6P,35.725177862321246,568.0023558399979,0
Z-LO7I_,39.50699332842307,7812.499999999993,0
IE&qa*RZ^,54.39954707422608,237626800.13799885,1
mcV4=i,37.48756508066151,1926.999285759998,0
4fPOEC,35.725177862321246,568.0023558399979,0
^%G$M(nXf,54.39954707422608,237626800.13799885,1
(#ITWx&v+^ppcM$G,96.71030590973525,1.2962923816305017e+21,3
$Q8vaVne#,56.23134762099227,845906438.4657804,1
(bp=37%OYsAb+,81.22305767476661,2.8221279479628508e+16,3
aiB2pWLGhti1NTF,89.31294465580312,7.689097049487633e+18,3
kKTAk=*n+=!fTE,84.62151767101835,2.975877827434588e+17,3
ICHm7v*kU,56.23134762099227,845906438.4657804,1
na6QgOVRv,53.587766793481876,135370865.46263543,1
RQj65c-dUv8rfVn,93.71891270165378,1.630061102743342e+20,3
_P(A!mC(x19C,74.97513016132302,371332624731954.1,2
+DCP0z^jd$,62.47927513443585,64288889323.39929,2
BtNah*@iL8,62.47927513443585,64288889323.39929,2
s$JQ1(gYg9$l,74.97513016132302,371332624731954.1,2
xGrN=NULb,54.39954707422608,237626800.13799885,1
m3IIzO,35.725177862321246,568.0023558399979,0
z7qD4*lnT,56.23134762099227,845906438.4657804,1
AC^8UjGn,49.98342010754868,11130347.874549743,1
-(7^ES^x9%o0,74.97513016132302,371332624731954.1,2
34EFHk7qQ9RJSf,83.35874834541625,1.2401769434657461e+17,3
X(i=8dZv0g#$A),87.4709851882102,2.1448172404517663e+18,3
xdI^I#(lCBSZm#vq,96.71030590973525,1.2962923816305017e+21,3
eZ_Z5=tzXTjR9oq,93.71891270165378,1.630061102743342e+20,3
ktNDfd,34.20263830884655,197.70609663999988,0
W4ZQtVaDmB4-1N,87.4709851882102,2.1448172404517663e+18,3
1HodA8_JTHZEP,81.22305767476661,2.8221279479628508e+16,3
zSrqB$=uDqfstZ_G,96.71030590973525,1.2962923816305017e+21,3
Yh+R+AJ1@z,62.47927513443585,64288889323.39929,2
E)Vp0uED0aS1z7w,93.71891270165378,1.630061102743342e+20,3
=)wbNqq6o!Yq6),87.4709851882102,2.1448172404517663e+18,3
Jf%UWPu!,48.35515295486763,3600406.062696959,1
YHT*#TSuRAXj,72.53272943230144,68316754532474.07,2
SRwmMvllV,51.303957463269825,27799058.83635703,1
j23e1Ihku1,59.54196310386875,8392993658.683406,1
lg-Ft+hGo3yI=D#,93.71891270165378,1.630061102743342e+20,3
LzGf+zIc,48.35515295486763,3600406.062696959,1
ipOg+3,37.48756508066151,1926.999285759998,0
3T5DWu4,41.67937417270812,35216.146062079904,1
4sHyCal,41.67937417270812,35216.146062079904,1
